"","id","gender"
"1",1,"female"
"2",2,"m"
"3",3,"Male"
"4",4,"Male"
"5",5,"Female"
"6",6,"female"
"7",7,"femail"
"8",8,"Male"
"9",9,"Female"
"10",10,"Female"
"11",11,"Male"
"12",12,"Male"
"13",13,"Male"
"14",14,"Male"
"15",15,"Male"
"16",16,"Female"
"17",17,"Male"
"18",18,"Female"
"19",19,"Male"
"20",20,"male "
"21",21,"Female"
"22",22,"female"
"23",23,"male"
"24",24,"Malle"
"25",25,"Female"
"26",26,"Female"
"27",27,"Male"
"28",28,"male"
"29",29,"female"
"30",30,"Male to Female Trans"
"31",31,"Female"
"32",32,"female"
"33",33,"Female"
"34",34,"female"
"35",35,"male"
"36",36,"Male"
"37",37,"female"
"38",38,"Female"
"39",39,"FEMALE"
"40",40,"female"
"41",41,"male"
"42",42,"male"
"43",43,"female"
"44",44,"female"
"45",45,"Female"
"46",46,"female"
"47",47,"male"
"48",48,"Male"
"49",49,"Female"
"50",50,"female "
"51",51,"female"
"52",52,"Male"
"53",53,"male"
"54",54,"M"
"55",55,"female"
"56",56,"male"
"57",57,"Male"
"58",58,"Female"
"59",59,"female"
"60",60,"female"
"61",61,"female"
"62",62,"female"
"63",63,"Female"
"64",64,"F"
"65",65,"Female"
"66",66,"male"
"67",67,"female"
"68",68,"Male"
"69",69,"Female"
"70",70,"female"
"71",71," Male"
"72",72,"famale"
"73",73,"female"
"74",74,"female"
"75",75,"female"
"76",76,"female"
"77",77,"female"
"78",78,"Female"
"79",79,"M"
"80",80,"Female"
"81",81,"Female"
"82",82,"female"
"83",83,"Female"
"84",84,"Female"
"85",85,"female"
"86",86,"M"
"87",87,"Female"
"88",88,"female"
"89",89,"Female"
"90",90,"Male"
"91",91,"female"
"92",92,"female"
"93",93,"female"
"94",94,"male"
"95",95,"F"
"96",96,"male"
"97",97,"Male"
"98",98,"Female"
"99",99,"female "
"100",100,"Female"
